model,device,lr,batch_size,epochs,use_inpainter,train_loss,val_loss,iid_val_iou,iid_test_iou,ood_iou,consistency,epoch
TriUnet,cuda,[1e-05],8,3,False,0.8505014353990554,0.799782446026802,0.1930877268314361,0.19333751,0.0594279579818248,0.4705707287788391,0.0
TriUnet,cuda,[1e-05],8,3,False,0.8251680308580398,0.7592421048879623,0.2523391246795654,0.2563961744308471,0.0744484663009643,0.469916675388813,1.0
TriUnet,cuda,[9.990133642141359e-06],8,3,False,0.8017877948284149,0.736176044344902,0.3124016225337982,0.3176868259906769,0.08956257253885269,0.44704845845699315,2.0
