model,device,lr,batch_size,epochs,use_inpainter,train_loss,val_loss,iid_val_iou,iid_test_iou,ood_iou,consistency,epoch
TriUnet,cuda,[1e-05],8,3,False,0.8444025850296021,0.7792794239521027,0.2306502759456634,0.22637516,0.0674548521637916,0.4395678454637527,0.0
TriUnet,cuda,[1e-05],8,3,False,0.8063252079486847,0.7481768709421158,0.2796357274055481,0.284866988658905,0.0854371190071106,0.4350791040062904,1.0
TriUnet,cuda,[9.990133642141359e-06],8,3,False,0.7823808282613754,0.7323297050595283,0.303099125623703,0.3222632110118866,0.0901961699128151,0.4275553339719772,2.0
