model,device,lr,batch_size,epochs,use_inpainter,train_loss,val_loss,iid_val_iou,iid_test_iou,ood_iou,consistency,epoch
TriUnet,cuda,[1e-05],8,3,False,0.8395574605464935,0.7774306511878968,0.2153148055076599,0.21340096,0.0652751326560974,0.4758478456735611,0.0
TriUnet,cuda,[1e-05],8,3,False,0.8105009704828262,0.7463411912322044,0.2487353831529617,0.2466632723808288,0.0803143605589866,0.4791587027907371,1.0
TriUnet,cuda,[9.990133642141359e-06],8,3,False,0.7841097927093506,0.728941840827465,0.2772499620914459,0.28085705637931824,0.09845364093780518,0.46838251650333407,2.0
