model,device,lr,batch_size,epochs,use_inpainter,train_loss,val_loss,iid_val_iou,iid_test_iou,ood_iou,consistency,epoch
TriUnet,cuda,[1e-05],8,3,False,0.8521026945114136,0.7926752150058747,0.2242917418479919,0.23140687,0.0743344649672508,0.4167025911808014,0.0
TriUnet,cuda,[1e-05],8,3,False,0.8081429517269134,0.7418033784627914,0.3057234585285187,0.3016349077224731,0.1068200394511222,0.4121362328529357,1.0
TriUnet,cuda,[9.990133642141359e-06],8,3,False,0.7721259969472886,0.7265846735239029,0.32193997502326965,0.33803653717041016,0.11167465150356293,0.40248204529285436,2.0
