model,device,lr,batch_size,epochs,use_inpainter,train_loss,val_loss,iid_val_iou,iid_test_iou,ood_iou,consistency,epoch
TriUnet,cuda,[1e-05],8,3,False,0.7920663821697235,0.7701120388507843,0.2581707537174225,0.26569238,0.0798490718007087,0.4198645037412644,0.0
TriUnet,cuda,[1e-05],8,3,False,0.7422158968448639,0.7423910582065583,0.2944228947162628,0.3113695085048675,0.102330207824707,0.4258701241016388,1.0
TriUnet,cuda,[9.990133642141359e-06],8,3,False,0.7173067289590835,0.7266001743078232,0.3233131468296051,0.3359709680080414,0.11337403208017349,0.4101291227340699,2.0
