model,device,lr,batch_size,epochs,use_inpainter,train_loss,val_loss,iid_val_iou,iid_test_iou,ood_iou,consistency,epoch
TriUnet,cuda,[1e-05],8,3,False,0.7802300655841827,0.768273608982563,0.2026295810937881,0.19873469,0.0581085830926895,0.5143230953812599,0.0
TriUnet,cuda,[1e-05],8,3,False,0.7399772554636002,0.7445197787880897,0.2276602536439895,0.2254716753959655,0.0640910565853118,0.5154955768585205,1.0
TriUnet,cuda,[9.990133642141359e-06],8,3,False,0.7180352956056595,0.726343759894371,0.2467874139547348,0.24172794818878174,0.07012839615345001,0.5178339138627053,2.0
