model,device,lr,batch_size,epochs,use_inpainter,train_loss,val_loss,iid_val_iou,iid_test_iou,ood_iou,consistency,epoch
TriUnet,cuda,[1e-05],8,3,False,0.7961673885583878,0.7783775597810745,0.2234217077493667,0.23446177,0.0738556832075119,0.4476115682721138,0.0
TriUnet,cuda,[1e-05],8,3,False,0.7387768608331681,0.7328244552016259,0.2968393266201019,0.3091651201248169,0.1030255109071731,0.4562511631846427,1.0
TriUnet,cuda,[9.990133642141359e-06],8,3,False,0.7108398365974427,0.714492803812027,0.3341895341873169,0.34025105834007263,0.11508779972791672,0.4387123823165894,2.0
