model,device,lr,batch_size,epochs,use_inpainter,train_loss,val_loss,iid_val_iou,iid_test_iou,ood_iou,consistency,epoch
TriUnet,cuda,[1e-05],8,3,False,0.7794131076335907,0.7751044964790345,0.199191614985466,0.19727282,0.058702141046524,0.5110400953888894,0.0
TriUnet,cuda,[1e-05],8,3,False,0.746522291302681,0.7450991439819336,0.2557831108570099,0.2540043592453003,0.0767561867833137,0.4907837188243866,1.0
TriUnet,cuda,[9.990133642141359e-06],8,3,False,0.7242998063564301,0.7247590225934982,0.3113621771335602,0.30256184935569763,0.09338948875665665,0.4609433808922767,2.0
