model,device,lr,batch_size,epochs,use_inpainter,train_loss,val_loss,iid_val_iou,iid_test_iou,ood_iou,consistency,epoch
DeepLab,cuda,[1e-05],8,3,False,0.8043354374170303,0.7078926068544388,0.3373982310295105,0.3514225,0.1036574691534042,0.4730991268157959,0.0
DeepLab,cuda,[1e-05],8,3,False,0.7165617793798447,0.6673562803864479,0.4585217237472534,0.4909698963165283,0.1913020014762878,0.4259751391410827,1.0
DeepLab,cuda,[9.990133642141359e-06],8,3,False,0.6524837589263917,0.6557790085673332,0.49016040563583374,0.5198627710342407,0.21214617788791656,0.40317828029394154,2.0
