model,device,lr,batch_size,epochs,use_inpainter,train_loss,val_loss,iid_val_iou,iid_test_iou,ood_iou,consistency,epoch
DeepLab,cuda,[1e-05],8,3,False,0.7905834728479385,0.6853208786249161,0.4941417276859283,0.5193891,0.2029979526996612,0.3969696122407913,0.0
DeepLab,cuda,[1e-05],8,3,False,0.6643963652849197,0.6555969116091728,0.5550063252449036,0.5854703783988953,0.2288497984409332,0.3747399514913558,1.0
DeepLab,cuda,[9.990133642141359e-06],8,3,False,0.5862702119350434,0.6393539395928383,0.6153855323791504,0.6475179195404053,0.24344010651111603,0.36533965229988097,2.0
