model,device,lr,batch_size,epochs,use_inpainter,train_loss,val_loss,iid_val_iou,iid_test_iou,ood_iou,consistency,epoch
TriUnet,cuda,[1e-05],8,3,False,0.8328151279687881,0.7554699820280075,0.2564798295497894,0.26414523,0.073956049978733,0.4572587630152702,0.0
TriUnet,cuda,[1e-05],8,3,False,0.7797110909223557,0.7242520806193352,0.3208128809928894,0.337596446275711,0.0917825400829315,0.4324942481517791,1.0
TriUnet,cuda,[9.990133642141359e-06],8,3,False,0.7442057514190674,0.7104824629426002,0.3561829626560211,0.3866307735443115,0.10569536685943604,0.4182892227172852,2.0
