model,device,lr,batch_size,epochs,use_inpainter,train_loss,val_loss,iid_val_iou,iid_test_iou,ood_iou,consistency,epoch
TriUnet,cuda,[1e-05],8,3,False,0.8329766249656677,0.7604839971661568,0.2056060284376144,0.20425703,0.0596939884126186,0.5166732221841812,0.0
TriUnet,cuda,[1e-05],8,3,False,0.7920232492685318,0.7358531546592713,0.2546237409114837,0.2560764253139496,0.0731780007481575,0.4748542484641075,1.0
TriUnet,cuda,[9.990133642141359e-06],8,3,False,0.7603699660301209,0.7184026741981506,0.3186398148536682,0.3260868787765503,0.09683333337306976,0.42484865784645076,2.0
