model,device,lr,batch_size,epochs,use_inpainter,train_loss,val_loss,iid_val_iou,iid_test_iou,ood_iou,consistency,epoch
TriUnet,cuda,[1e-05],8,3,False,0.8270552134513856,0.7534540420770646,0.2693874537944793,0.2728086,0.0847196951508522,0.4301185971498489,0.0
TriUnet,cuda,[1e-05],8,3,False,0.7663709157705307,0.7182281523942947,0.3299931287765503,0.3375922739505768,0.0935950875282287,0.412144538462162,1.0
TriUnet,cuda,[9.990133642141359e-06],8,3,False,0.723667044043541,0.701835615336895,0.3591943383216858,0.3621702194213867,0.09565868228673935,0.4043197181820869,2.0
