model,device,lr,batch_size,epochs,use_inpainter,train_loss,val_loss,iid_val_iou,iid_test_iou,ood_iou,consistency,epoch
TriUnet,cuda,[1e-05],8,3,False,0.8420475268363953,0.7679820525646209,0.2905657887458801,0.32034507,0.1070674508810043,0.3884474176168442,0.0
TriUnet,cuda,[1e-05],8,3,False,0.7794912952184677,0.739230728149414,0.3461812734603882,0.3785223066806793,0.1222752630710601,0.3863885307312011,1.0
TriUnet,cuda,[9.990133642141359e-06],8,3,False,0.7397796618938446,0.717867233157158,0.38418498635292053,0.4175044000148773,0.1279151439666748,0.372150961458683,2.0
