model,device,lr,batch_size,epochs,use_inpainter,train_loss,val_loss,iid_val_iou,iid_test_iou,ood_iou,consistency,epoch
DeepLab,cuda,[1e-05],8,3,False,0.8247567564249039,0.7054089707136154,0.3633170425891876,0.38383037,0.1267294734716415,0.4499312394857406,0.0
DeepLab,cuda,[1e-05],8,3,False,0.7294444751739502,0.6535642239451408,0.5064117312431335,0.5444998741149902,0.2251100987195968,0.4077868884801865,1.0
DeepLab,cuda,[9.990133642141359e-06],8,3,False,0.6627089899778366,0.6255405798554421,0.5540807843208313,0.5851322412490845,0.23225244879722595,0.40541426301002503,2.0
