model,device,lr,batch_size,epochs,use_inpainter,train_loss,val_loss,iid_val_iou,iid_test_iou,ood_iou,consistency,epoch
DeepLab,cuda,[1e-05],8,3,False,0.8087908291816711,0.6924980980157852,0.3858569264411926,0.40184018,0.1382804363965988,0.4736330059170722,0.0
DeepLab,cuda,[1e-05],8,3,False,0.7350468701124191,0.6548109742999076,0.4705207049846649,0.5055733919143677,0.1971429735422134,0.4237597706913948,1.0
DeepLab,cuda,[9.990133642141359e-06],8,3,False,0.6781345695257187,0.630596648156643,0.5658860802650452,0.5941574573516846,0.22565409541130066,0.40449521273374556,2.0
